,City Name,City Country,Date,Latitude,Longitude,Temperature (F),Humidity (%),Cloudiness (%),Wind Speed (mph)
0,trojan,bg,1529810100,42.76552946305114,24.737600352890382,66.2,88,90,6.93
1,bethel,us,1529808780,47.042649896443436,-167.9888681019303,57.2,58,1,5.82
2,yellowknife,ca,1529809200,74.54262638255457,-104.59271216177807,66.2,88,75,3.36
3,rikitea,pf,1529812350,-49.06921437140541,-141.03253434615607,76.54,100,12,12.68
4,milkovo,ru,1529811000,54.2874359433213,159.46692681932552,62.6,58,92,4.7
5,kahului,us,1529808960,24.187652512114795,-155.2549707339071,82.4,61,40,23.04
6,kailua,us,1529809020,35.52117401254185,-151.49018398165782,84.2,65,75,12.75
7,argayash,ru,1529809200,55.23179535690625,60.8265302667273,66.2,68,0,13.42
8,boyolangu,id,1529812351,-9.816997494002052,111.1906725604369,80.5,83,0,4.97
9,susanville,us,1529811300,41.96058508470264,-119.91838172466288,77,17,1,2.73
10,hobart,au,1529809200,-50.59184768100363,149.27438673728852,53.6,54,75,8.05
11,tsiroanomandidy,mg,1529812353,-19.286563828438233,45.98021690916349,41.62,85,0,3.4
12,ushuaia,ar,1529812179,-74.70983463117538,-69.40356608208933,23.17,100,80,2.73
13,ribeira grande,pt,1529811571,40.39197585845545,-36.71249416551305,70.69,100,92,4.97
14,alihe,cn,1529812353,51.50779548661714,123.10744369658448,66.28,68,88,4.41
15,marawi,sd,1529812354,21.30239349475285,26.841714612490478,77.62,86,64,3.18
16,saint-philippe,re,1529810100,-65.9776075303808,71.73491736322703,60.8,87,90,2.24
17,vaini,to,1529812354,-68.42544561995578,-169.59135135983365,68.8,100,100,3.62
18,sisophon,kh,1529812355,13.423267199757348,102.98147624616479,88.15,63,68,12.35
19,nikolskoye,ru,1529809200,52.08164995559994,170.2877017250771,59,58,0,8.95
20,namibe,ao,1529811760,-19.352366863675172,7.723019353232559,69.61,99,0,3.85
21,uvaly,cz,1529811000,50.10640011814647,14.725758408554782,53.6,87,75,9.17
22,moranbah,au,1529812356,-22.20344102726986,147.29363233741606,73.48,38,0,12.01
23,bolu,tr,1529812357,40.44391124310792,31.75811435185753,56.2,99,92,2.73
24,mataura,pf,1529812357,-58.60193438680211,-145.50987889142866,45.58,76,0,15.26
25,khatanga,ru,1529811827,75.14887994381493,102.08881238505376,53.86,86,68,11.01
26,constitucion,mx,1529808120,15.405275658902383,-124.1157420327342,68,49,75,12.75
27,lata,sb,1529812358,-6.9992575703689965,167.48601621640444,67.27,77,0,0.94
28,los llanos de aridane,es,1529811000,26.674051813669024,-20.771951181442006,66.2,77,0,5.82
29,tautira,pf,1529811000,-16.015987456286425,-142.9739422205477,82.4,61,40,5.82
30,upernavik,gl,1529811789,83.00294991614152,-48.26412494531786,29.83,100,76,4.07
31,san patricio,mx,1529811763,6.468733764107739,-114.472528259988,67.99,93,92,3.4
32,kapaa,us,1529808960,24.087599645383136,-168.72578210801052,82.4,69,40,20.8
33,bluff,nz,1529812360,-80.18410187622418,159.06651049014624,73.84,32,20,8.55
34,longyearbyen,sj,1529808600,81.99222337099607,22.98624540706078,46.4,45,0,18.34
35,torbay,ca,1529809200,43.813231676176,-46.50313085992974,53.6,50,75,27.51
36,belmonte,br,1529812361,-18.510016887977258,-28.266672603470084,64.66,87,0,3.06
37,georgetown,sh,1529809200,-17.197249888400137,-18.213323103768147,77,94,40,2.24
38,qandala,so,1529812047,14.782700357153175,49.37575170538187,78.25,67,76,4.18
39,hambantota,lk,1529812362,-1.01698785064103,86.67069493344042,78.61,100,24,10.56
40,avarua,ck,1529809200,-23.38917803061814,-160.98037824502842,80.6,78,40,5.82
41,busselton,au,1529812335,-66.11841769752508,82.37629955227573,60.07,100,0,7.54
42,udachnyy,ru,1529812363,68.57410697943234,113.95125675451442,72.76,52,64,3.18
43,bambous virieux,mu,1529809200,-28.128634559318094,75.26825310605284,73.4,64,75,11.41
44,faanui,pf,1529811890,-7.06135785409208,-150.48622332292837,80.59,100,8,13.58
45,tuatapere,nz,1529811521,-45.790044824435306,165.36564569842636,44.14,100,32,16.49
46,klaksvik,fo,1529810400,69.3561623859714,-1.4018485790685702,50,100,92,11.41
47,miandrivazo,mg,1529812365,-18.766898166639066,44.15103213009661,51.07,80,0,2.95
48,ucluelet,ca,1529811968,45.39172726908856,-129.38665083621268,61.69,72,0,1.95
49,kodiak,us,1529808780,55.354692777325084,-156.35754988046364,75.2,73,1,4.7
50,tasiilaq,gl,1529808600,69.0781376003552,-31.790389619555413,39.2,86,68,9.17
51,zemio,cf,1529811927,4.152193112659091,25.991344793451105,63.85,97,80,2.51
52,barrow,us,1529811771,83.74080819857568,-155.22206066797776,38.38,40,0,17.16
53,bredasdorp,za,1529809200,-50.10429962449502,20.820274848938112,59,67,92,5.82
54,itoman,jp,1529809200,18.633288887838077,131.914845513783,87.8,74,75,12.75
55,vila franca do campo,pt,1529811000,42.1861702940929,-20.58299402777962,66.2,77,75,8.05
56,necochea,ar,1529812368,-51.33153568033402,-52.3242021184671,40.81,91,0,20.62
57,chuy,uy,1529811825,-64.43515813118606,-20.555908880654073,48.19,96,0,16.93
58,puerto ayora,ec,1529811504,-18.215880297683356,-98.68699587463283,71.5,99,12,10.67
59,tiksi,ru,1529811555,84.66775699253876,130.48511773522375,77.8,46,20,4.18
60,hilo,us,1529808780,23.825190711112086,-142.24214889970713,80.6,69,75,6.93
61,kurilsk,ru,1529811826,46.124545285108525,147.87094527033844,58.9,87,0,5.41
62,morant bay,jm,1529809200,15.049746840915972,-75.99889254787205,82.4,78,20,13.87
63,tuktoyaktuk,ca,1529809200,85.17897231073138,-139.4257377867633,35.6,93,90,14.99
64,severo-yeniseyskiy,ru,1529812371,62.20100680196023,93.09968326280756,76.54,53,0,5.3
65,atuona,pf,1529812324,-3.534046930638027,-116.02828218530605,80.59,100,0,17.72
66,batemans bay,au,1529811780,-39.49266174415298,151.83505012234576,54.49,82,0,4.85
67,albany,au,1529811840,-54.18335641962888,107.83938236820461,60.8,93,90,2.39
68,arraial do cabo,br,1529812372,-44.402317606905356,-22.839189750606863,71.5,87,0,17.05
69,lebu,cl,1529812372,-37.775543331072164,-105.15446983577097,51.97,71,64,2.39
70,egvekinot,ru,1529812373,64.86649178818175,-178.71119503706544,48.37,67,36,5.97
71,aswan,eg,1529806440,21.93055973715653,30.596523631292484,87.8,27,0,8.05
72,new norfolk,au,1529809200,-59.028733986509266,140.73737833356887,53.6,54,75,8.05
73,treinta y tres,uy,1529812374,-33.72401241148325,-54.08945063177369,44.14,94,0,11.68
74,jamestown,sh,1529812215,-12.37105836660308,-6.111531215135557,56.29,48,0,6.2
75,lucan,ca,1529811000,43.239185393537525,-81.3742553259707,44.6,100,40,2.24
76,alofi,nu,1529809200,-28.14945862965387,-167.68939245299805,80.6,74,68,14.99
77,flin flon,ca,1529812375,58.3444284995652,-101.71059909402621,63.22,75,0,6.98
78,ilulissat,gl,1529808600,77.87106286223633,-46.03235157660393,37.4,99,92,5.82
79,bosanska kostajnica,ba,1529811000,45.27532859907325,16.51072874604327,53.6,93,0,1.12
80,cartagena,co,1529811000,12.215911929962473,-77.20523706934819,71.6,78,0,8.05
81,castro,cl,1529811836,-45.438947331001216,-87.48023663268441,28.39,100,56,2.95
82,faya,td,1529809200,19.48647013296791,16.793477501500575,68,22,0,1.61
83,rio cuarto,ar,1529809200,-33.694129406816614,-63.6069188552315,37.4,69,0,4.18
84,penzance,gb,1529808600,50.36872046979988,-7.004109952408413,53.6,71,12,12.75
85,thompson,ca,1529809200,79.05648211753007,-97.12042964034806,66.2,32,20,3.36
86,gladstone,au,1529812378,-23.33194964979191,151.2459117506719,70.87,56,24,11.23
87,alta floresta,br,1529811548,-8.434396166088376,-54.68045023142162,76.45,61,0,3.18
88,walvis bay,na,1529809200,-25.99277205422881,4.76882759920727,50,81,0,11.56
89,punta arenas,cl,1529809200,-82.67098464596458,-96.58977247277167,33.8,100,90,9.17
90,kavieng,pg,1529811614,-2.8628409236890633,149.27129533970793,83.74,100,32,0.94
91,broken hill,au,1529811880,-31.811186637829437,142.43606677826443,55.84,74,0,5.19
92,kapit,my,1529812380,1.5374060273557149,112.30723582629486,71.77,100,92,1.72
93,nome,us,1529810100,64.55798207978086,-164.26347416052255,80.6,83,1,5.82
94,lasa,cn,1529809200,32.69292727854392,92.51868692727629,69.8,88,40,3.36
95,georgiyevskoye,ru,1529812381,59.00693035318483,45.18788320007991,68.44,90,68,3.51
96,toba,jp,1529809200,34.34066639248232,136.8426496664345,75.2,78,75,4.7
97,cape town,za,1529809200,-39.16119937577249,15.604772841347398,53.6,93,75,10.29
98,iqaluit,ca,1529809200,64.7079985121859,-69.53458565290691,39.2,80,75,13.87
99,shiyan,cn,1529812382,31.87455934986616,110.01553007428669,79.15,78,68,3.18
100,sur,om,1529811881,17.758676149946183,61.027165531297385,88.96,84,24,2.62
101,sao joao da barra,br,1529812382,-30.074631881808315,-27.793223567641576,74.56,96,0,21.41
102,vanino,ru,1529812383,49.21332396466039,140.3566246850852,76.27,35,24,14.25
103,hazaribag,in,1529812383,23.947824699042783,85.45028377055428,89.86,62,0,7.99
104,praia da vitoria,pt,1529809200,41.31319762086568,-26.004632438249672,68,77,75,4.18
105,marzuq,ly,1529812169,22.701270383631325,13.173992139211038,66.91,32,0,0.72
106,souillac,mu,1529811000,-48.84551260456788,73.57846288682816,59,67,0,4.7
107,aripuana,br,1529812385,-8.878668299384799,-60.83598684618555,77.62,75,12,1.61
108,bassila,bj,1529812385,8.667466713836205,1.5378223464214216,71.59,98,92,5.41
109,zyryanka,ru,1529811819,66.0633691674885,149.35060491552343,68.8,34,0,6.2
110,linxia,cn,1529811922,35.29665528125467,102.01616685364161,57.46,91,92,4.07
111,fare,pf,1529811864,-12.915860930645735,-148.38584889804315,80.14,100,12,12.24
112,kalabo,zm,1529812386,-14.02162434237475,21.775293334251927,56.56,50,56,8.77
113,high level,ca,1529809200,57.58795265765056,-118.23317461873526,73.4,69,75,2.24
114,moose factory,ca,1529809200,56.31434771307258,-77.37208457231408,35.6,91,1,5.82
115,chulym,ru,1529812387,55.923028692257105,81.12290275989278,72.49,55,20,4.63
116,samarai,pg,1529812143,-11.888824788465186,151.55611441140132,77.26,100,64,16.49
117,saskylakh,ru,1529812341,81.3198155153799,113.47183649834432,65.38,100,56,4.63
118,calumboyan,ph,1529809200,10.737330743957585,124.12078038800092,91.4,59,20,4.7
119,mecca,sa,1529809200,21.113267574344903,41.892264745403935,91.4,36,0,2.62
120,hami,cn,1529812144,43.65369538395288,95.62412490428466,85.09,43,12,7.87
121,tena,ec,1529812390,-1.1663305892885347,-77.48983798400863,59.44,99,64,1.16
122,north platte,us,1529808780,40.856238448649464,-101.31103149409074,73.4,60,1,8.05
123,high prairie,ca,1529812257,55.20971703157383,-116.18187089558782,70.78,65,44,4.29
124,hermanus,za,1529812346,-77.92297468698472,7.829706291782031,52.6,91,48,5.75
125,agadez,ne,1529812391,16.527877685036543,8.007059797994003,73.57,74,68,9.55
126,ishigaki,jp,1529809200,21.697030850141218,125.17842423826602,87.8,84,75,13.87
127,kaeo,nz,1529812392,-32.083233257864876,174.6571001296906,58.09,76,24,15.03
128,grand-santi,gf,1529812392,2.255677021099004,-54.34969737106479,70.42,100,20,1.39
129,tupik,ru,1529812392,54.31208900612893,119.67737567551046,67.27,60,80,4.74
130,jiexiu,cn,1529811958,36.53226683470476,112.69205668034283,80.59,52,56,2.73
131,sungairaya,id,1529812081,0.9570493103266102,107.44387096462685,73.84,100,92,2.73
132,airai,pw,1529812394,16.943770331485226,148.5310090875044,80.86,43,0,2.84
133,kainantu,pg,1529812394,-5.859046244225425,146.5167521128218,74.29,73,24,1.5
134,bowen,au,1529809200,-16.95008970874123,150.53504839302542,75.2,57,0,17.22
135,singkang,id,1529809200,-3.9465390969680385,119.62115151663619,84.2,74,75,4.7
136,port macquarie,au,1529809200,-32.954369275183055,161.19252640503368,62.6,59,40,3.36
137,east london,za,1529809200,-71.55152661563523,51.44158379747216,55.4,66,0,8.05
138,sioux lookout,ca,1529809200,53.84707760807552,-89.2807592538129,59,93,90,4.7
139,vardo,no,1529811300,83.70701837673582,33.845819303117025,71.6,100,1,4.18
140,launceston,au,1529809200,-40.82740587137753,151.54873913488666,53.6,62,90,4.7
141,yudong,cn,1529809200,29.188266449257128,106.74391812343396,80.6,69,20,5.82
142,bud,no,1529810400,73.8967938968506,2.5512028138722656,51.8,87,92,6.93
143,plouzane,fr,1529811000,48.085996128742664,-5.23029530227052,55.4,93,0,3.36
144,kruisfontein,za,1529811851,-89.08528225859708,29.676593346084758,61.24,84,36,22.19
145,beyneu,kz,1529812398,43.019617227150775,55.22358193152161,77.98,28,0,4.41
146,nouadhibou,mr,1529809200,21.413323767465158,-19.967306511431985,66.2,82,0,17.22
147,lao cai,vn,1529812399,22.48410196272566,103.28801427572415,69.52,98,92,1.83
148,hithadhoo,mv,1529812400,-10.349741817135609,71.8303677134486,81.67,100,64,5.86
149,mar del plata,ar,1529812400,-46.12534134577738,-45.758400511027645,34.69,90,0,13.91
150,sao filipe,cv,1529812400,12.681506936315941,-31.296856632928552,72.49,100,0,12.01
151,port alfred,za,1529812356,-40.093589217973516,31.253589662326277,62.59,89,0,19.73
152,soyo,ao,1529812150,-6.789030228407853,9.344634057455636,72.58,93,92,3.96
153,dikson,ru,1529812401,86.72922820453579,80.38458033713431,32.26,98,76,12.24
154,kunyang,cn,1529812401,27.88584080603009,120.31104756454198,83.83,85,32,3.4
155,vilhena,br,1529811851,-10.946354206060974,-58.3692723078815,67.36,78,0,2.17
156,bougouni,ml,1529812402,11.132240512076265,-7.691822535758689,70.87,99,92,6.2
157,challans,fr,1529811000,46.85325508988748,-1.8418768495395739,57.2,76,0,4.7
158,bilma,ne,1529811880,16.980975530041675,14.586568862201943,82.93,37,44,3.4
159,hovd,mn,1529810400,44.463192810065266,99.42650673428255,50,93,75,10.29
160,butaritari,ki,1529812403,9.46058446777252,177.5891766392749,84.46,100,44,3.51
161,krishnarajpet,in,1529812404,12.538181633722942,76.49614010241777,68.26,100,88,6.87
162,chapais,ca,1529809200,58.45151904899882,-75.69392311827194,44.6,93,90,9.17
163,eureka,us,1529811600,41.498799014695265,-132.95644891007015,59,76,1,8.05
164,ishimbay,ru,1529812405,53.45891677582742,56.26526438644902,67.63,58,0,5.19
165,salamiyah,sy,1529812405,34.4686197232317,37.744241937055136,62.5,95,0,12.24
166,todos santos,mx,1529808300,23.181144579873532,-110.05626251986934,75.2,77,5,11.41
167,masuguru,tz,1529812406,-11.85466430020007,38.18435382245434,67.54,91,44,5.64
168,karlovac,hr,1529811000,45.4387956570049,15.77840426156942,53.6,93,20,2.17
169,port elizabeth,za,1529811720,-88.75853407424142,34.83184253097244,71.6,94,90,6.98
170,qaanaaq,gl,1529812407,89.8501176796916,-65.86420064633427,32.62,93,56,4.29
171,la macarena,co,1529812408,1.4867871984344276,-73.62470755721361,69.52,100,76,1.72
172,port hedland,au,1529811120,-21.620384408066315,121.02272492102668,75.2,19,0,19.46
173,carutapera,br,1529812409,3.83138441127403,-42.89552930190604,80.05,82,44,8.77
174,port blair,in,1529812409,12.612448086320342,92.25363956963429,82.66,100,76,17.83
175,awbari,ly,1529812409,25.893891011199514,12.140211274470829,69.52,41,0,6.87
176,glace bay,ca,1529809200,46.06115742443211,-59.424270988316124,55.4,87,90,6.93
177,cidreira,br,1529812347,-35.53788937000478,-45.93246843030485,62.32,89,80,13.69
178,vila velha,br,1529809200,-21.606499636609286,-34.24987379680539,80.6,65,0,12.75
179,honningsvag,no,1529811884,78.91402551333783,25.519050813638813,43.51,100,92,20.51
180,mahebourg,mu,1529809200,-35.82117312443031,71.59276943489391,73.4,64,75,11.41
181,la plaine,dm,1529811000,15.413022392395533,-60.830511749830265,62.6,87,0,2.24
182,isangel,vu,1529811948,-17.785590530932723,179.15535933946973,72.76,100,0,12.01
183,robertsport,lr,1529812413,0.9960448448225208,-15.788078276955503,76.54,100,100,6.42
184,rock sound,bs,1529812413,26.06024286841047,-74.97678300231856,84.73,96,8,13.24
185,dumbea,nc,1529811000,-21.871059343579645,166.64502582732717,71.6,56,75,12.75
186,santa maria,cv,1529809200,17.98942149231472,-20.92003392948206,53.6,87,90,3.36
187,boueni,yt,1529811000,-14.232921167694812,44.197719490251274,78.8,74,40,17.22
188,hualmay,pe,1529812333,-19.344307834596748,-91.79268155629971,51.97,97,36,4.63
189,chokurdakh,ru,1529812415,84.26323827784509,144.42320212147388,52.33,83,0,8.66
190,buta,cd,1529812415,2.222726506240477,25.928459662848468,66.01,95,44,2.17
191,elko,us,1529808960,39.8354582834817,-115.43047365736082,73.4,20,1,13.87
192,witu,ke,1529812416,-2.2768250482002657,39.93981425312987,74.11,72,12,8.66
193,padang,id,1529812417,-2.918170509709597,94.93216970321515,83.56,100,88,5.41
194,uvat,ru,1529812417,59.0138922110815,68.65571657582964,62.23,87,80,11.23
195,te anau,nz,1529811960,-41.04232170025347,165.89589912914454,38.29,88,20,10.67
196,namatanai,pg,1529811891,6.231907618083341,158.84056800409564,80.59,100,64,5.86
197,matam,sn,1529809200,15.693754322428873,-13.32532511771305,91.4,43,0,4.7
198,seabra,br,1529812419,-12.813298454549042,-41.71089494054169,62.14,91,56,13.35
199,biak,id,1529812211,0.7646123474948183,137.6082363257931,80.32,91,36,4.18
200,banganapalle,in,1529812419,15.142221715658408,78.33602928424386,75.46,89,88,11.79
201,san jeronimo,mx,1529812420,7.959108080082132,-105.20697769644234,27.04,78,0,1.95
202,talavera de la reina,es,1529812420,39.505517248675716,-4.838428651917951,62.23,73,0,2.17
203,vestmannaeyjar,is,1529812421,62.62814954616039,-17.554559411269594,47.29,100,92,6.98
204,jaru,br,1529812421,-10.48723021704403,-62.78868029494484,77.53,70,32,1.83
205,conde,br,1529812422,-15.599126885635599,-32.08752155918006,76.99,80,88,11.45
206,quatre cocos,mu,1529809200,-18.320342870140436,68.0591674229947,73.4,64,75,11.41
207,meulaboh,id,1529811951,-3.198730580889489,89.3725303591055,81.04,100,64,2.73
208,tateyama,jp,1529809200,30.310992114878502,141.3064113839602,82.4,48,20,6.93
209,atambua,id,1529812015,-6.691114186297341,125.25099788274673,84.01,76,0,11.23
210,pisco,pe,1529809200,-21.035490908648384,-89.14549787911113,62.6,82,90,4.7
211,carnarvon,au,1529812423,-32.63325058757453,85.58450960717596,21.28,72,8,3.06
212,ambon,id,1529811000,-7.127330825262192,128.8549724804339,57.2,76,0,5.82
213,waddan,ly,1529812424,29.934157038367687,16.390918660786184,69.7,56,0,5.64
214,narsaq,gl,1529808600,81.80540635281653,-64.68268809953432,37.4,86,88,4.7
215,fortuna,us,1529811000,39.00852097111866,-137.38043028225835,71.6,68,0,1.12
216,ajdabiya,ly,1529812425,30.54985070885175,21.547579008990226,72.22,47,0,8.43
217,kisangani,cd,1529812425,0.1804218131644717,24.73279500392394,68.8,100,12,2.39
218,awjilah,ly,1529812425,27.472788147493944,18.973509641936687,75.64,43,0,7.65
219,mehamn,no,1529812076,77.82260015739766,28.317731860983514,43.33,98,92,17.05
220,nueva imperial,cl,1529812426,-38.54715617091383,-73.0056332494485,35.77,100,0,5.75
221,cumana,ve,1529812426,10.71459451303717,-64.13869509760359,68.26,91,36,2.39
222,provideniya,ru,1529811840,65.10667112112841,-172.5309555393419,40.72,100,88,11.45
223,kaitangata,nz,1529812427,-53.110148875636874,172.0866559942251,46.57,67,0,19.06
224,bauchi,ng,1529812427,10.610971743626493,9.880656916377859,63.04,98,32,3.18
225,altamira,br,1529812428,-4.199804380312543,-52.56705969069719,74.56,94,24,3.85
226,severo-kurilsk,ru,1529812428,48.10483971295841,153.09829286522404,46.03,91,68,14.03
227,timra,se,1529810400,63.140548668407945,16.334286356698613,51.8,71,0,6.93
228,norman wells,ca,1529809200,62.48191338376668,-129.82095053629172,68,56,75,17.22
229,vila,vu,1529810400,-16.797784195006216,172.06284707266832,62.6,67,0,3.36
230,barabai,id,1529812430,-3.366252170653212,116.45289642071629,84.46,80,24,2.84
231,macusani,pe,1529812430,-12.921090426405044,-70.4494146178693,44.41,100,20,1.83
232,ixtapa,mx,1529808240,12.975088807566706,-104.41964261254907,82.4,83,90,6.93
233,tiruchchendur,in,1529812431,8.418708367736144,78.59994052533733,82.75,76,12,12.01
234,ponta do sol,cv,1529812431,22.128513121251913,-25.63638585698044,61.24,72,24,3.96
235,beringovskiy,ru,1529812432,58.39085776199258,173.46683494664296,43.33,100,92,11.12
236,gambela,et,1529812102,7.926990134312746,34.911172017726585,60.52,96,48,4.18
237,kutum,sd,1529811962,17.496732170027173,26.056202037261528,64.21,82,12,3.4
238,tilichiki,ru,1529811929,59.54784051664731,167.65105381159316,60.97,71,0,5.64
239,iralaya,hn,1529812433,15.180671706944779,-83.23455266149581,80.32,89,56,7.54
240,okha,ru,1529812433,55.59635428411789,146.4066359249927,49.81,97,76,12.68
241,vaitape,pf,1529812434,-17.655767704611975,-154.71647896862396,80.86,99,0,12.8
242,beloha,mg,1529812434,-28.30109691524514,43.918250658188384,58.63,89,0,8.66
243,general roca,ar,1529809200,-38.72444378093607,-67.66012831259847,30.2,86,0,5.97
244,lavrentiya,ru,1529811882,76.51583224114222,-170.2646248204797,39.37,92,68,8.43
245,igarka,ru,1529812435,65.90354148805031,85.91705403948873,68.71,73,24,8.77
246,valley city,us,1529812500,46.1966392446578,-97.62844882018047,69.8,77,75,11.41
247,petropavlovsk-kamchatskiy,ru,1529809200,51.65439497287207,158.83681849764395,51.8,76,20,13.42
248,sitka,us,1529812437,52.16258575768319,-143.06518024749082,77.08,73,0,11.56
249,mutis,co,1529812437,6.362256291260806,-78.25310781822353,74.11,100,92,4.85
250,bedesa,et,1529812437,8.378078314018296,41.121127866747514,65.92,51,92,4.18
251,emba,kz,1529811000,45.80002915804897,58.518282304034216,69.8,83,40,6.93
252,koygorodok,ru,1529812438,60.63124178290269,51.56617358833387,69.52,54,92,3.62
253,nagato,jp,1529809200,34.54797177153071,131.06245146882424,77,69,0,3.36
254,kati,ml,1529811000,12.93089473382146,-7.894912149121524,82.4,65,20,5.82
255,mahon,es,1529811000,39.02688256651379,4.134181301707798,51.8,71,20,6.93
256,porto novo,cv,1529809200,14.4810544813907,-34.49872140568553,68,64,0,2.24
257,shu,kz,1529812440,44.67392928420591,73.0717722502817,70.78,66,92,10.78
258,abay,kz,1529809200,48.604217184594006,72.91750497639083,71.6,43,0,2.24
259,boa vista,br,1529809200,0.9634119802964705,-60.86932481843243,77,88,75,10.29
260,katobu,id,1529812442,-5.450713585239896,123.96697143493816,74.11,100,92,1.39
261,yamada,jp,1529809200,38.64761474330447,146.4384749812515,82.4,48,20,6.93
262,makakilo city,us,1529809020,12.4841772168851,-163.3019490024999,84.2,54,20,10.29
263,ko samui,th,1529809200,9.420654757748508,102.12076570555769,87.8,62,20,13.13
264,cabanas,cu,1529811000,23.33401200544131,-83.12209874831255,66.2,88,0,1.12
265,xining,cn,1529812444,36.63329914310245,100.49521735828421,69.61,47,12,3.06
266,mount pleasant,us,1529810100,30.680602588038695,-78.58077082384357,86,83,40,3.36
267,nabire,id,1529811878,-3.2113854736857803,136.91882811478143,75.55,87,36,2.17
268,guerrero negro,mx,1529812445,19.950691124975165,-123.19144120717633,67.99,78,0,6.76
269,alice springs,au,1529809200,-26.636643000770306,136.66366100947147,60.8,31,0,12.75
270,orzhytsya,ua,1529812446,49.97750211335335,32.71793134619574,53.41,93,64,12.35
271,sjenica,rs,1529812447,43.312606568954266,19.919747138842553,43.87,93,88,2.17
272,den helder,nl,1529810700,53.52892894446828,3.5185965711129086,55.4,81,90,5.82
273,kirakira,sb,1529812447,-11.510947879439144,163.50982209983493,79.51,100,80,17.49
274,sayyan,ye,1529811874,16.38187918886321,48.3338374890684,54.31,44,0,3.74
275,victoria,sc,1529809200,1.197710489242894,53.300794791608666,87.8,79,75,4.7
276,laguna,br,1529812449,-33.44464468446241,-44.39940223674441,86.89,41,0,5.75
277,saint george,bm,1529810400,31.85600235093962,-61.826058621281504,66.2,82,75,9.17
278,codrington,ag,1529812449,24.934554824717708,-45.38493773598026,63.58,63,0,3.85
279,seoul,kr,1529809200,36.26020913627441,126.47331945047603,86,48,0,3.36
280,nyandoma,ru,1529812450,61.545476956385755,40.115515391028424,59.35,71,92,3.85
281,plettenberg bay,za,1529811963,-45.69459557491058,24.122989722313008,59.71,100,0,20.29
282,katsuura,jp,1529809200,23.740660034561074,151.18679727660975,78.8,61,75,10.29
283,conceicao do araguaia,br,1529812451,-9.207699832535965,-51.161650653806134,74.38,60,0,3.51
284,usinsk,ru,1529812451,66.56506097688529,58.5128420150898,64.03,81,44,4.18
285,sistranda,no,1529808600,69.68045078294597,6.597024041542795,48.2,93,75,8.05
286,akonolinga,cm,1529812452,3.2949821667907173,12.361657496924238,69.25,99,92,0.72
287,bollnas,se,1529812452,61.1698877765736,16.614319912134192,51.34,72,0,4.74
288,chilca,pe,1529809200,-14.755023662906353,-80.31441577292215,44.6,65,0,3.36
289,thinadhoo,mv,1529812155,0.7041252832730862,69.11016983890536,82.93,100,0,6.53
290,evanton,gb,1529810400,57.90497684089408,-4.535078376767359,53.6,81,24,18.34
291,hays,us,1529808960,39.26131235994421,-99.27213696855145,78.8,69,1,5.82
292,ust-barguzin,ru,1529812454,54.27392026285162,108.85931036791834,54.58,95,92,2.73
293,taloqan,af,1529812454,36.293235492249096,70.22133925331855,74.11,27,20,2.84
294,povenets,ru,1529811945,62.19751505182896,34.97726035709306,56.02,68,92,6.08
295,bonavista,ca,1529812252,48.84277670441912,-53.528824134701196,52.96,64,56,21.3
296,opuwo,na,1529812455,-17.718295054570603,12.862247873441106,43.06,65,0,3.74
297,leningradskiy,ru,1529812455,84.87156995635056,178.28082548832487,33.7,92,20,13.35
298,montepuez,mz,1529812200,-13.825045277120239,37.734443470993966,59.17,95,0,6.76
299,srednekolymsk,ru,1529812456,69.3791750214209,152.22854541062208,65.47,53,12,5.86
300,lahaina,us,1529808960,19.308678423585974,-157.44423221646997,82.4,58,20,18.34
301,kavaratti,in,1529811904,11.384013488423776,67.2416330377163,80.86,100,48,18.05
302,lahad datu,my,1529812457,5.375718597477146,118.44252183541789,85.36,78,0,2.73
303,san cristobal,ec,1529809200,-10.288656945458143,-90.24292495669702,51.8,87,40,9.17
304,suleja,ng,1529812458,8.915669016186698,7.02410985102884,67.54,99,92,3.62
305,jamui,in,1529812458,24.839601866197953,86.04971566506009,84.46,87,48,6.08
306,noyon,fr,1529811000,49.678924438265085,2.975697095736365,51.8,87,0,2.24
307,marsh harbour,bs,1529812246,28.537726499761973,-72.56090427006504,83.11,99,0,11.23
308,kikwit,cd,1529812460,-4.843843278480264,19.299649362047035,68.53,90,0,2.73
309,buin,pg,1529809200,-7.522996390430336,155.46908720262343,44.6,81,75,1.12
310,antalaha,mg,1529812460,-16.034717522997937,53.07392404039098,70.42,96,44,10.78
311,mayumba,ga,1529812461,-5.506492728083799,9.060830711167739,72.58,99,92,5.41
312,grong,no,1529811936,64.60296431525134,12.487847337576682,41.71,99,92,2.39
313,san policarpo,ph,1529812219,15.262613444109292,131.67929233301209,84.01,99,12,5.64
314,adrar,dz,1529809200,27.449257634316382,-2.3671922442089794,82.4,18,0,9.17
315,dingle,ie,1529812462,50.59064056457137,-21.16529356497378,82.57,93,56,3.74
316,gushikawa,jp,1529809200,20.553632370474375,137.01804360003575,87.8,84,75,16.11
317,port hardy,ca,1529809200,44.28648640728409,-132.90331155175537,59,67,75,9.17
318,xai-xai,mz,1529812463,-26.44625428932543,34.97251746369386,66.55,100,0,9.66
319,wielun,pl,1529812463,51.326438582481245,18.66785587904951,50.8,98,80,9.89
320,kasane,bw,1529812464,-17.748949974793973,24.80695037693866,54.04,62,44,3.85
321,auburn,us,1529811300,41.34432540512009,-84.7345282333132,82.4,100,1,2.28
322,puerto ayacucho,ve,1529812465,4.664364996307853,-66.4984253690431,72.76,98,64,2.28
323,batabano,cu,1529808900,21.94546547369731,-81.94510737219488,78.8,88,40,5.82
324,anloga,gh,1529809200,0.5676208448530247,2.4795149560607967,75.2,94,40,6.93
325,bara,sd,1529812081,14.050795263407181,28.776927222795337,67.09,97,56,6.64
326,hondo,us,1529810520,29.06739761406517,-99.32378343143517,89.6,70,75,17.22
327,melfi,td,1529812466,11.195527446244185,17.733118413735355,44.41,87,0,3.62
328,lagoa,pt,1529811000,47.12426897491963,-33.160376684633746,68,88,0,3.36
329,lethem,gy,1529812467,2.8422082997442004,-57.14005856286447,74.38,91,8,5.3
330,la crosse,us,1529811360,43.22662067824618,-91.71978319833681,73.4,73,40,2.84
331,ferrol,es,1529811000,43.628701171872734,-8.36790977998777,66.2,88,0,1.12
332,emirdag,tr,1529811888,39.18665678961543,30.8490196277763,53.59,100,36,2.62
333,artyom,az,1529809200,40.64155662277432,51.905039177076134,73.4,53,40,11.18
334,kamaishi,jp,1529809200,35.27317192010349,149.47865920094182,84.2,48,40,8.05
335,imeni poliny osipenko,ru,1529812147,52.101841622668104,137.84649228574517,54.04,85,44,10.45
336,balabac,ph,1529812469,9.690095802890667,113.09970236727116,85.54,100,8,9.22
337,cherskiy,ru,1529812470,82.492364365594,157.9454647338681,60.16,44,80,5.3
338,san jose,gt,1529812139,12.804655402650198,-91.3626612592928,81.04,92,88,2.51
339,selestat,fr,1529811000,48.19883886663524,7.5658320747598395,51.8,81,0,2.24
340,tsaratanana,mg,1529812471,-15.946525556814521,47.74343163908537,55.39,87,0,6.87
341,paita,pe,1529812471,-7.994950321918196,-86.48124961451623,65.65,87,0,6.42
342,zhanakorgan,kz,1529812472,43.484846165050016,67.34596426326618,74.56,33,0,6.31
343,angoche,mz,1529812472,-16.6043427629141,39.467749161267676,75.37,100,68,9.78
344,portland,au,1529808780,-42.281589238097645,141.1875713886589,73.4,49,20,8.05
345,luderitz,na,1529812325,-30.400074539368035,9.560128836936286,47.38,93,0,12.8
346,touros,br,1529812473,3.7357510906223013,-32.358047893205224,74.29,99,88,11.34
347,palimbang,ph,1529809200,6.082051904846438,123.59691402843839,87.8,74,75,4.7
348,nanning,cn,1529809200,22.605811248368354,107.90040794882276,77,94,40,4.47
349,ikryanoye,ru,1529809200,46.23279302859706,47.6613499762677,77,41,0,4.47
350,roma,au,1529810400,-26.548562376483645,146.52818864720564,60.8,77,0,6.93
351,baker city,us,1529808960,42.99629151713307,-118.99022583429297,68,40,1,14.99
352,trairi,br,1529812049,4.184586998290641,-34.706486018290434,81.31,98,20,22.86
353,saint anthony,ca,1529808960,53.652333613374594,-51.84075742557283,55.4,76,75,3.36
354,cairns,au,1529809200,-13.23369615979827,146.50138128902745,71.6,88,75,16.11
355,nyaunglebin,mm,1529812476,18.552737163518785,97.29374521526825,74.56,100,92,8.66
356,kvarkeno,ru,1529812476,52.127591140590994,59.4974944690274,69.61,52,0,9.89
357,cooma,au,1529812077,-36.700024050491024,148.45768323556382,47.74,58,0,5.97
358,orlik,ru,1529811949,52.354962336971596,99.20486028603904,57.91,63,0,2.39
359,carbonia,it,1529810400,38.57904797854084,7.040749890739136,71.6,83,20,2.24
360,saint-louis,sn,1529811000,15.89630654070784,-16.50057365459449,50,100,0,5.82
361,calarca,co,1529812479,4.541363684575387,-75.5694496630033,70.42,79,76,2.62
362,cabra,ph,1529811000,14.061524259000322,119.30241602650949,69.8,68,0,2.39
363,svetlogorsk,ru,1529809200,67.15451710496475,92.24338565170223,68,60,0,11.18
364,messina,za,1529808900,-22.60742431681585,29.744430360711476,71.6,68,40,11.41
365,muros,es,1529811000,43.1004340055195,-15.349721593562549,66.2,88,0,3.36
366,bulaevo,kz,1529812481,54.4445372992038,70.29545847665923,64.21,80,44,6.87
367,berlevag,no,1529811917,81.60346171902668,32.41198382675583,44.59,95,68,14.81
368,nishihara,jp,1529809200,20.261286568097077,134.6786628592335,77,69,75,3.36
369,rocha,uy,1529812482,-44.85805092911092,-45.724503716869094,45.94,78,8,13.02
370,levelland,us,1529808780,33.86405551704661,-102.36950248665742,87.8,43,20,10.29
371,suntar,ru,1529812483,61.998743121002235,117.5402367468584,73.93,61,24,3.74
372,rio gallegos,ar,1529809200,-51.167119646170505,-71.08814291621991,33.8,100,90,13.87
373,birjand,ir,1529809200,31.3844829247018,59.27045998455176,78.8,14,0,11.41
374,tyret pervaya,ru,1529812483,53.39234658132651,101.95800843212794,70.96,77,12,4.41
375,nantucket,us,1529811780,37.19693186506764,-68.84927867608829,62.6,100,90,17.16
376,tucumcari,us,1529808780,34.626037930024125,-104.06997940030962,80.6,32,1,8.05
377,vire,fr,1529811000,48.861353625693596,-1.1098115293703756,48.2,100,0,3.36
378,avera,pf,1529811300,-23.04164660424358,-154.7973594665811,80.6,94,1,5.82
379,terney,ru,1529812485,45.10367720404571,137.5172517217527,53.95,84,68,7.99
380,harper,lr,1529810100,-1.1372427151142404,-7.120195333379598,91.4,62,40,11.41
381,phan thiet,vn,1529812486,8.863101303422383,109.72968868326672,83.92,92,20,10.78
382,hovin,no,1529810400,63.06518003435173,10.116412763155466,50,93,75,10.29
383,jalu,ly,1529812099,26.386043734386433,22.8828622625482,77.44,43,0,5.41
384,mangai,cd,1529812487,-3.9738881502986345,19.91968487114795,70.96,94,0,1.95
385,vestmanna,fo,1529810400,71.52383555148461,-8.443860152166053,50,100,92,11.41
386,pochutla,mx,1529812090,9.369040057614711,-97.99762031895247,80.86,100,0,3.4
387,taltal,cl,1529812488,-26.050020650290712,-71.11054073778433,48.82,98,36,1.72
388,verkh-usugli,ru,1529812489,54.36428368339497,115.34835595717817,56.56,100,92,7.54
389,ugoofaaru,mv,1529812489,5.6323132001743375,71.85563059418783,81.13,100,24,12.68
390,macherla,in,1529812490,16.405415532325705,79.22271816603683,78.88,80,92,12.91
391,kochubey,ru,1529812237,44.79468097366714,46.73463157629823,76.18,90,20,9.44
392,yulara,au,1529809200,-28.459008778996818,129.93006804678447,60.8,29,0,9.17
393,margate,za,1529809200,-38.8689287321488,39.03780041229885,53.6,54,75,8.05
394,poum,nc,1529811000,-18.82687963553063,161.87642577426158,53.6,62,75,11.41
395,chute-aux-outardes,ca,1529809200,51.3946778895575,-69.65096497822294,71.6,67,75,4.7
396,kudahuvadhoo,mv,1529812492,2.177248693944037,63.97403300701785,82.75,100,68,7.43
397,totma,ru,1529812492,60.40545343988421,42.53973210950852,69.07,60,32,9.89
398,marbella,es,1529811000,36.520691858511285,-4.929220091953141,69.8,68,0,5.82
399,geraldton,au,1529809200,-31.56879990562601,97.06704891778736,46.4,87,90,9.17
400,elat,il,1529812493,29.155239986788516,34.32756321430105,67.9,100,88,1.95
401,grand forks,ca,1529810100,49.48581595353414,-118.93617052226938,68,93,1,6.93
402,qingdao,cn,1529809200,35.09933598658722,121.0434655535085,87.8,35,0,13.42
403,grosseto,it,1529812494,42.70096374076792,11.487302205797533,53.41,69,24,3.51
404,mitsamiouli,km,1529809200,-6.1195702932743785,46.20144905162172,73.4,69,75,4.7
405,pangnirtung,ca,1529811908,63.636752603375015,-59.91721492156415,30.37,95,48,1.39
406,kuminskiy,ru,1529812494,58.69400209306906,66.39304399943185,62.95,86,24,7.65
407,cabo san lucas,mx,1529808300,7.463385732510545,-119.1234131168306,75.2,77,5,11.41
408,mount gambier,au,1529812337,-41.68103360688877,137.05514654668656,50.44,95,88,3.18
409,atikokan,ca,1529812495,48.643938538372595,-92.27658111135068,63.31,96,92,5.08
410,cheney,us,1529809080,47.16130696501972,-118.19162402256018,71.6,52,90,4.7
411,salacgriva,lv,1529812496,57.61633355377657,23.905265452402205,54.67,62,76,12.91
412,izhma,ru,1529812496,66.76714856391015,55.03174370745262,69.07,64,24,2.84
413,bridlington,gb,1529810400,55.788700505678776,1.3020267144852937,48.2,93,44,4.7
414,provost,ca,1529812497,52.40182681656114,-110.32105187464313,72.04,62,44,6.64
415,talnakh,ru,1529812498,71.17088389543736,94.52715303973218,62.68,61,0,5.19
416,elizabeth city,us,1529811300,35.236344607311736,-74.07865009405627,78.8,83,1,8.77
417,barabinsk,ru,1529812141,55.1931549808468,77.73552789524098,68.71,88,0,4.85
418,vostok,ru,1529811938,46.57118374511046,135.3613731729439,53.32,75,88,3.74
419,bokhan,ru,1529812499,53.022688119098746,103.71825864913978,69.25,74,8,4.29
420,leshukonskoye,ru,1529812500,65.3713135812597,46.0994461798775,63.04,58,12,3.51
421,najran,sa,1529809200,17.011159615836263,44.22263719031426,73.4,20,5,6.93
422,caravelas,br,1529812500,-23.209756477564653,-28.139832510404716,76.36,100,8,11.23
423,vanimo,pg,1529812378,-2.9401962937884747,138.7221400260666,79.96,100,44,7.65
424,yate,nc,1529810400,-22.13555475782924,167.10935494950155,55.4,71,12,13.87
425,zhigansk,ru,1529812502,66.03383550791287,121.50741416240197,76.27,35,12,2.06
426,komsomolskiy,ru,1529812502,69.51031247161359,174.037422972701,55.66,72,0,11.34
427,mayo,ca,1529809200,63.813121469568074,-136.1036974463029,68,42,75,8.05
428,akoupe,ci,1529812503,6.294111916515604,-3.7687310604207482,72.04,99,92,3.85
429,matara,lk,1529812504,-2.2506444727626302,82.08651932486458,27.04,78,0,1.95
430,chifeng,cn,1529812504,43.273269886687956,118.69236741024969,80.32,56,68,5.3
431,shimoda,jp,1529809200,21.832822952444374,141.7057100373965,71.6,83,75,8.05
432,prince rupert,ca,1529809200,51.32800726948571,-130.93780945188792,57.2,76,90,4.7
433,yar-sale,ru,1529812506,69.37797666079229,72.07792824386183,50.35,72,0,18.05
434,tadine,nc,1529812506,-23.999031491359972,173.26466532825094,71.77,100,56,9.78
435,perth,au,1529810400,-32.035904438701266,116.12470904235687,50,93,0,4.7
436,pozoblanco,es,1529811000,38.14994551350122,-4.833968376815591,69.8,68,0,2.39
437,priboieni,ro,1529812507,44.872708027745375,25.055233900341193,44.77,88,0,2.62
438,blenheim,ca,1529812507,42.01306354241177,-81.70301030092728,53.68,95,32,18.16
439,itumba,tz,1529812508,-9.389685187502494,33.093107591003275,57.01,88,8,8.66
440,mananjary,mg,1529812508,-21.118857742959364,48.4919241298698,35.59,80,12,2.95
441,aklavik,ca,1529809200,74.68724486048617,-138.0303235851827,42.8,70,90,9.17
442,ekibastuz,kz,1529812509,51.1307020508701,74.76098444568726,74.38,44,48,4.41
443,antsohihy,mg,1529812509,-14.409592491422273,47.33660430526626,71.86,71,24,11.9
444,ossora,ru,1529812096,60.42515514603565,163.29430846029152,53.41,92,0,5.75
445,sola,vu,1529810400,-11.318335828159093,169.02630060419858,51.8,93,40,8.05
446,verkhnyaya sinyachikha,ru,1529812510,58.06850294093314,62.301399648368744,61.42,80,92,7.09
447,ngaoundere,cm,1529812511,6.780785981960264,13.275837376577982,55.84,94,20,2.06
448,mitu,co,1529812511,1.302000583676218,-70.64834800295293,53.23,64,0,2.17
449,tayu,id,1529809200,-6.317221210789569,111.31814118746377,75.2,78,75,4.7
450,pacific grove,us,1529811300,27.587887700218886,-133.7449765730996,60.8,77,20,8.05
451,monrovia,lr,1529812512,0.2816533026319803,-15.036088096425487,72.31,98,92,2.51
452,aljezur,pt,1529812334,35.594163551894525,-11.707736549131283,60.97,100,56,9.1
453,colquechaca,bo,1529812513,-18.74938357833726,-65.74565401709182,31.81,68,0,1.5
454,taganak,ph,1529809200,5.686406108837232,118.60313314376987,89.6,59,75,4.7
455,havelock,us,1529809080,32.60512742727313,-74.92804231353534,82.4,94,20,10.29
456,bubaque,gw,1529812373,8.075591081137674,-17.14999553696461,79.24,100,92,11.01
457,bourail,nc,1529812514,-27.2436895599931,161.76387087420392,69.25,73,48,8.66
458,crotone,it,1529808900,39.0435874614239,17.81703378412888,50,100,90,6.93
459,creel,mx,1529812455,27.485111944701274,-107.07234246454837,62.86,74,24,3.85
460,ongandjera,na,1529812515,-16.88655037058703,14.50112416708913,49.36,52,0,8.43
461,karratha,au,1529812016,-19.494135200707007,115.09933868149477,70.78,20,0,18.5
462,shemordan,ru,1529812516,56.30265322366145,50.466500999053636,75.19,48,12,4.41
463,tibacuy,co,1529809200,4.538830177948952,-72.49730732527208,55.4,76,40,5.82
464,camacha,pt,1529811000,37.489290995360875,-17.350907925627723,66.2,88,40,8.05
465,quang ngai,vn,1529812517,16.499289036679343,110.45771109399038,86.62,62,76,2.73
466,talmenka,ru,1529809200,53.9300839702525,83.34199894540035,62.6,93,40,2.24
467,nanortalik,gl,1529812517,54.909407020498804,-42.47508997327796,35.59,100,88,8.1
468,kenai,us,1529808960,65.0664779666964,-153.90742445970176,55.4,71,40,10.29
469,yerbogachen,ru,1529811951,61.09886469152306,110.50667499670499,76.54,53,0,5.41
470,verkhoyansk,ru,1529812518,68.00031809945824,132.08446722022245,80.14,32,0,3.51
471,mount isa,au,1529809200,-17.967894907064974,139.04373172067142,78.8,36,56,11.41
472,neiafu,to,1529809200,-18.638013323958774,-173.21576191161165,80.6,69,40,9.17
473,ahmadpur sial,pk,1529809200,30.715526449975073,71.42762071918031,93.2,52,40,6.93
474,tokur,ru,1529812520,55.309074982042716,132.95420916000444,64.03,55,36,6.2
475,belaya gora,ru,1529812455,69.71500504658161,146.48482199145462,66.55,50,0,7.76
476,grand gaube,mu,1529809200,-17.070433727684104,60.506091793014576,73.4,64,75,11.41
477,alyangula,au,1529812521,-15.37260300212158,139.54617259225807,79.51,84,32,15.03
478,fuyu,cn,1529812208,45.72056095470822,124.43655998416068,73.12,69,24,5.41
479,clyde river,ca,1529809200,72.81215517714355,-73.46608038313886,37.4,89,1,5.82
480,pevek,ru,1529812522,82.17956169595422,167.62777739221139,45.04,67,12,10.56
481,inuvik,ca,1529809200,67.12461464321359,-131.77366452882333,42.8,70,90,9.17
482,sorland,no,1529812171,71.51534812706032,4.8525464764626065,47.29,100,8,16.26
483,inta,ru,1529812523,64.5551335436081,59.810933619440135,64.39,74,0,3.18
484,fuxin,cn,1529812524,42.98319653900552,121.05735101350348,89.59,49,20,6.64
485,venice,us,1529811300,26.497061174920574,-83.53019530442882,84.2,83,20,4.7
486,huron,us,1529808900,44.40698668728945,-98.8905787503176,69.8,93,1,4.7
487,honiara,sb,1529809200,-12.216168146801621,156.9718464776663,73.4,94,90,9.17
488,paamiut,gl,1529812525,59.011625486445865,-54.243465252432586,37.39,100,44,3.62
489,seydi,tm,1529812526,38.87577676725715,62.603235646827784,68.53,93,0,2.73
490,estepona,es,1529811000,36.22911683597353,-5.057013275873288,69.8,68,0,5.82
491,burns lake,ca,1529812526,56.33077829410988,-125.60762231615062,59.8,47,0,6.64
492,meadow lake,ca,1529812228,58.62519492507741,-108.58809639111624,72.58,55,44,5.41
493,bonthe,sl,1529812103,5.951025158092406,-15.124262004325715,72.94,100,92,3.51
494,teruel,es,1529811000,40.60169995479632,-1.4722969239368808,66.2,82,0,3.36
495,la ronge,ca,1529809200,60.206090425447485,-104.7985811181276,64.4,77,75,11.41
496,harindanga,in,1529809200,19.55892550963648,89.44946545550579,87.8,84,75,10.29
497,rio de janeiro,br,1529809200,-24.555600755309158,-43.2403644217807,73.4,100,0,4.7
498,tamiahua,mx,1529812529,22.36620638252309,-95.53010064051605,83.11,91,20,16.15
499,shunyi,cn,1529809200,41.16115345814373,116.79735272780079,91.4,46,0,4.47
500,manjacaze,mz,1529812530,-24.992074346024083,34.420986292171165,55.57,80,0,3.62
501,calvinia,za,1529810940,-30.698323312545625,19.966665247538856,48.2,100,90,3.36
502,sabha,ly,1529812531,25.247107593794368,17.827575636860473,80.41,33,0,14.7
503,koumac,nc,1529811948,-22.175519636323912,162.89977636339603,74.92,63,0,6.64
504,temiscaming,ca,1529809200,47.259674588061216,-78.41471880163972,57.2,82,1,4.41
505,broome,au,1529810400,-18.922314824212023,120.89087022599068,50,93,48,2.24
506,pangody,ru,1529812532,71.43025807261915,74.04049888071432,59.71,92,92,16.82
507,florida,uy,1529808600,-33.82204044584808,-55.61353731602226,75.2,94,20,5.82
508,san clemente,us,1529809500,33.29541347376015,-117.54276101727889,69.8,72,90,5.82
509,heze,cn,1529812533,35.256160843505995,115.56458376493788,86.89,56,76,10.33
510,half moon bay,us,1529808960,35.97212127334656,-125.68500728703282,93.2,56,1,17.22
511,sharan,af,1529812534,33.2404214696882,68.85045097752493,65.29,58,0,3.62
512,lozova,ua,1529812534,48.945720315361456,36.409490125497655,66.91,96,92,5.97
513,vanavara,ru,1529812535,62.3095773186684,104.4635339369259,75.91,53,0,3.74
514,wawa,ca,1529812535,47.287627070639815,-85.04616342774665,74.56,88,80,7.65
515,turukhansk,ru,1529812535,64.00656069162494,86.86199141051003,69.16,99,48,8.55
516,santa cruz,cr,1529811300,8.104017038693186,-88.37452366935918,89.6,82,1,12.75
517,nisia floresta,br,1529809200,-5.615089499284423,-33.572200979968414,73.4,88,20,11.41
518,zheleznodorozhnyy,ru,1529809200,62.65737107731499,51.38714507229602,71.6,60,0,8.95
519,durango,mx,1529808780,24.092044581694836,-105.14755830947844,82.4,12,1,3.36
520,rawson,ar,1529812538,-50.05817624471075,-59.307910958779615,27.22,52,0,9.66
521,rush,ie,1529808780,53.47802007023344,-5.25842657993033,71.6,94,75,4.97
522,san isidro,ph,1529812540,6.665997131343332,127.72579905399374,84.19,86,68,3.51
523,linqiong,cn,1529809200,30.055144048968913,103.55798524029228,80.6,88,40,4.47
524,ternate,id,1529809200,2.0249925740049832,128.2262334985822,87.8,70,75,6.93
525,dhidhdhoo,mv,1529812183,7.054029163597264,72.10221352905518,80.77,100,64,14.81
526,oussouye,sn,1529809200,11.279944295528978,-18.45707804441048,80.6,83,0,2.24
527,kasongo,cd,1529812542,-4.359251525129125,27.423464911622432,67.9,95,0,2.28
528,bayanday,ru,1529812067,53.31901541867384,106.1199290102702,67.81,62,32,6.98
529,thunder bay,ca,1529809200,48.3396035429742,-88.20228060174637,55.4,93,75,2.24
530,maceio,br,1529809200,-18.382397658080308,-25.816347958207615,73.4,78,20,3.36
531,shetpe,kz,1529812543,45.084847437144504,52.87667400906753,73.21,46,0,3.4
532,vao,nc,1529812544,-26.373310463759417,166.77540431209042,52.15,84,68,5.53
533,dicabisagan,ph,1529812544,16.052971343542808,123.03598024392738,81.31,100,48,5.97
534,tarpon springs,us,1529811300,28.406918363287545,-83.52116924014649,84.2,83,90,5.82
535,narrabri,au,1529812340,-30.453457511152287,148.2874054220389,57.55,62,0,4.18
536,halifax,ca,1529810220,42.27930409468027,-62.76598179693431,57.2,100,90,8.05
537,bismarck,us,1529808720,47.36428228433701,-99.88188490647224,66.2,82,90,6.93
538,kerema,pg,1529812546,-8.730562740435033,145.20093785130678,75.46,95,92,2.84
539,kanniyakumari,in,1529812546,7.778548997914726,77.58637452359073,77.8,100,80,16.6
540,jimenez,mx,1529812546,28.904555447823242,-105.15572275905329,72.94,100,92,3.74
541,langfang,cn,1529809200,39.19227814114004,116.35479605131468,91.4,46,0,4.47
542,irtyshskiy,ru,1529812547,58.83723604927687,67.9704808689138,63.04,81,32,7.43
543,atar,mr,1529812547,20.282471272619105,-13.98418104582234,75.01,35,0,4.07
544,palembang,id,1529809200,-3.2105532089329643,105.44798175050727,82.4,78,40,4.7
545,colares,pt,1529811000,39.26920080151726,-11.582452959845938,64.4,88,0,1.12
546,huambo,ao,1529812022,-12.830349022896058,16.237133208691404,38.2,76,0,2.06
547,hirara,jp,1529809200,23.93898591344464,127.06047421347625,86,84,75,14.99
548,nobres,br,1529812549,-14.08038978073418,-54.94790760602339,65.11,76,8,2.73
549,baykit,ru,1529812550,66.9191473328809,95.01480211655763,74.02,64,0,4.41
550,tura,ru,1529812104,66.0056507390731,100.91243350481932,79.42,97,64,3.62
551,weligama,lk,1529812550,2.9100464290368535,79.85598790415338,77.26,100,44,4.41
552,macas,ec,1529812551,-2.7861141906932687,-76.14583277394553,60.97,88,36,2.73
553,bantou,cn,1529812551,25.95120989276799,118.45437613701876,83.29,76,64,2.73
554,spring hill,us,1529811300,29.095671614115886,-83.2002233770066,84.2,88,1,6.64
555,kananga,cd,1529812552,-6.418279685370663,21.950918926704276,67.54,91,44,2.39
556,luganville,vu,1529812228,-14.964208328844961,163.2932997816809,78.7,100,56,14.14
557,hamilton,bm,1529808900,34.70711731354422,-67.98815000452188,78.8,88,20,9.17
558,derzhavinsk,kz,1529812553,49.61111335259935,64.21495784726784,71.5,60,0,5.3
559,chamba,in,1529812554,32.68483517439887,76.25360315713044,78.16,34,0,1.5
560,esperance,au,1529809200,-30.7054883386646,123.16214743323246,78.8,94,40,8.05
561,parakan,id,1529812555,-6.610488717983941,109.96899763031473,77.44,77,24,3.4
562,prado,br,1529812555,-17.20778045236206,-38.08436435261717,76.81,97,12,12.01
563,murray bridge,au,1529812555,-35.428069206796295,139.76154263017918,53.32,100,0,6.42
564,srandakan,id,1529812800,-10.112421484692831,109.29383453195743,84.2,62,75,5.82
565,sanming,cn,1529812556,26.329725752552562,118.22283996765486,83.29,76,64,2.73
566,maragogi,br,1529812556,-14.249399570224867,-28.46514265226719,74.74,90,0,10.45
567,wuwei,cn,1529812557,36.92383357997875,103.00212501189549,60.34,100,92,2.39
568,antofagasta,cl,1529809200,-23.206375564698305,-73.06134548753556,53.6,81,20,3.36
569,fairbanks,us,1529809080,72.96090892274006,-143.386796913645,69.8,35,76,10.29
570,nangomba,tz,1529812558,-10.972645101773054,38.33861859299432,59.62,89,20,2.95
571,kandrian,pg,1529812559,-5.059540623859931,148.68317045938528,80.41,82,68,6.87
572,kachug,ru,1529812559,53.9587972348412,105.48600534081015,67.27,61,24,7.31
573,richards bay,za,1529812559,-28.444808525471707,36.26215978118904,53.86,83,0,3.4
574,palm coast,us,1529808960,29.864197823425343,-80.58882373333084,80.6,74,40,6.93
575,puerto colombia,co,1529809200,12.69628051489373,-76.91592562464139,82.4,83,40,8.05
576,brae,gb,1529810400,68.22398632112484,-0.04680055221356838,51.8,87,92,14.99
577,viedma,ar,1529812167,-44.29698396372034,-60.99718386284951,36.76,54,0,9.22
578,savelugu,gh,1529812562,9.876215440399093,-1.5206876800527596,76.27,84,88,10
579,ust-nera,ru,1529812562,61.94253199486175,141.31779898897082,62.41,50,12,2.73
580,bilibino,ru,1529812562,75.55983627166734,165.2096208770709,64.12,82,64,0.38
581,santa fe,ar,1529812485,-31.513846872737346,-60.52731127653631,48.46,64,0,15.37
582,nuuk,gl,1529808600,62.63329529827891,-53.630524745507586,41,80,68,9.17
583,maniwaki,ca,1529812564,46.552357283621575,-75.89725269513718,63.13,82,80,3.18
584,valparaiso,cl,1529811300,-31.229061992545248,-78.34199539361525,71.6,83,90,4.7
585,kawalu,id,1529812564,-10.012625314739452,108.11331425158022,70.96,95,80,1.39
586,narasannapeta,in,1529812565,14.88086846156554,87.43846744683128,84.46,80,92,7.43
587,saldanha,za,1529812334,-38.790515713068274,5.824610498777986,61.33,70,0,4.74
588,puerto leguizamo,co,1529812566,-0.9450954034187191,-75.04331620144305,71.32,99,36,2.17
589,iki-burul,ru,1529809200,45.68770107789297,45.114305345479835,73.4,43,80,6.71
590,tecpan,mx,1529809200,13.569380244652052,-102.67004761598218,64.4,93,40,2.28
591,plymouth,gb,1529812272,50.351344102630975,-4.233598583231526,54.22,89,12,5.64
592,niagara falls,us,1529809680,43.13534322874716,-79.03904647451022,68,93,90,4.7
593,babaeski,tr,1529812568,41.398130944349276,27.179355035547587,60.34,55,56,6.98
594,mildura,au,1529812464,-33.58572310771606,140.66727675340252,51.88,88,80,4.63
595,mahajanga,mg,1529809200,-15.407864933688884,45.84454464691328,66.2,88,0,2.24
596,bestobe,kz,1529812569,52.31594308557163,73.17833833608833,69.07,72,48,5.3
597,ayan,ru,1529812223,57.04889715178098,137.9690767531447,48.91,90,36,2.28
598,litovko,ru,1529812570,49.289841906915086,134.4378677291092,52.51,86,92,5.97
599,gat,ly,1529809200,26.479414782176818,7.815872732208618,78.8,78,76,4.7
600,binzhou,cn,1529812134,22.803546650859346,109.1227947189874,89.59,59,8,7.31
601,birao,cf,1529812177,10.281033556104177,24.48880822936877,69.52,98,68,2.95
602,tottori,jp,1529809200,36.92826585637171,134.20374049566294,82.4,61,40,4.7
603,hue,vn,1529809200,16.45046838102064,106.80329493290895,96.8,41,20,3.36
604,norden,de,1529810700,55.2491959267893,6.249342538114831,53.6,81,75,5.82
605,esso,ru,1529812572,56.28078920756687,157.4491740325688,43.6,91,8,0.94
606,pineville,us,1529811300,31.116750533854642,-91.93544367870223,82.4,88,1,8.99
607,souris,ca,1529809200,49.455923646958695,-100.25051782241323,59,77,90,11.41
608,taoudenni,ml,1529812574,23.238719029081096,-3.3958026942299853,72.49,18,0,4.63
609,garowe,so,1529812574,7.803527909210629,48.38400721593379,80.14,53,56,19.06
610,odienne,ci,1529812575,9.985759860753546,-7.978849745345826,68.44,94,76,5.64
611,stromness,gb,1529809680,59.656592714639146,-4.212649898170042,68,100,90,4.7
612,cache creek,ca,1529809200,51.13798318600951,-121.1134844092679,77,44,20,6.93
613,vondrozo,mg,1529812576,-22.87741977864293,47.54101443513866,62.68,100,92,4.29
614,ustrzyki dolne,pl,1529812576,49.357298419104865,22.66978665889198,42.16,95,24,3.4
615,youkounkoun,gn,1529812576,13.31592722016704,-12.722136930468565,74.29,90,32,11.23
616,njombe,tz,1529812577,-9.48408576176449,34.52096435600433,46.93,88,0,3.4
617,arica,cl,1529809200,-18.67159285147794,-68.71074451929144,62.6,72,90,2.24
618,nautanwa,in,1529812578,27.43990657213199,83.45241184262113,84.91,71,12,3.74
619,lompoc,us,1529811300,29.488862157437495,-128.0269825142767,64.4,77,1,8.05
620,boende,cd,1529812578,0.18385949448492056,20.0991842933295,68.71,96,0,2.17
621,hirado,jp,1529809200,33.881902743812816,128.81874190171902,78.8,65,75,3.36
622,menongue,ao,1529812127,-15.70113749627015,17.883424917508705,47.02,64,0,4.41
623,chicama,pe,1529809200,-9.601098860657103,-82.99940630123719,62.6,93,90,8.05
624,george,za,1529809200,-34.465021895066826,21.522699096827267,75.2,94,40,2.24
625,manavgat,tr,1529810400,37.009374487045264,31.379278696718586,73.4,64,0,9.17
626,lorengau,pg,1529812439,2.6581804720871673,146.96014477042308,82.12,100,64,4.18
627,paka,my,1529811000,5.144378438494854,104.44810249716517,48.2,100,0,6.93
628,veraval,in,1529811000,16.357673047648618,67.26688469097346,53.6,87,0,7.76
629,churapcha,ru,1529812581,62.870324147193344,132.78378213908178,73.12,47,68,3.4
630,noumea,nc,1529811000,-26.212859758060702,164.57006160664127,71.6,56,75,12.75
631,tortoli,it,1529808900,39.21342243058203,10.062176736207562,69.8,83,40,5.82
632,aksarka,ru,1529812583,66.2625979061776,68.19037923818965,55.12,69,0,19.73
633,porto tolle,it,1529810400,44.62653586513238,12.707259111799061,64.4,63,40,3.36
634,cabedelo,br,1529809200,-6.298859388704216,-27.364278533837677,71.6,94,20,6.93
635,volta redonda,br,1529809200,-22.57017316454197,-44.11998042682686,71.6,94,8,4.7
636,olinda,br,1529809200,-9.14714689022233,-28.829344545396992,73.4,73,75,10.29
637,wagar,sd,1529812585,15.695921182278354,35.88583945812084,84.73,66,0,6.42
638,kharp,ru,1529812585,67.99763893527552,66.08978151776688,62.86,70,0,8.55
639,kununurra,au,1529809200,-18.90213754195669,127.87522871129659,80.6,18,0,12.75
640,progreso,mx,1529809200,23.432586357926837,-90.88617670378726,44.6,74,40,16.11
641,kiunga,pg,1529812587,-6.1958829093104555,141.87848987893506,74.65,98,92,2.84
642,shelburne,ca,1529810820,43.13873528833432,-65.64030759467246,64.4,88,90,2.24
643,tevaitoa,pf,1529812140,-18.333524557240167,-151.75994990312248,80.14,100,12,12.24
644,otuzco,pe,1529809200,-7.794981550687368,-78.43740253898122,62.6,93,90,8.05
645,henties bay,na,1529812082,-24.498249291102795,3.874473040303201,53.23,100,0,6.98
646,teresina,br,1529809200,-5.025864814418924,-42.720336845034325,75.2,83,0,3.36
647,sorong,id,1529812469,-1.6429054905069052,130.95738947347814,81.94,100,8,4.63
648,oktyabrskiy,ru,1529809200,52.60241536726903,155.08908003134928,71.6,60,0,8.95
649,coolum beach,au,1529812590,-25.75011366178279,156.00342828759415,66.46,80,24,4.97
650,tiarei,pf,1529811000,-13.754074397889184,-145.9161895610708,82.4,61,40,5.82
651,qasigiannguit,gl,1529808600,67.28503594440326,-49.14785870090151,37.4,99,92,5.82
652,cherkasskoye,ru,1529812591,52.698193268579416,47.06462575266315,73.57,64,0,2.95
653,ginir,et,1529812591,6.359497066553175,41.964430188770905,59.89,88,76,4.63
654,varnamo,se,1529810400,57.326141201971296,14.07415267188901,41,86,12,2.24
655,raahe,fi,1529810400,64.89146754588785,24.73051023809009,51.8,81,0,6.93
656,mabaruma,gy,1529812592,7.274811437477979,-59.6057973626216,74.29,100,76,4.63
657,kirovskiy,ru,1529812593,51.33538607766985,36.76518722005963,61.06,70,80,4.18
658,okhotsk,ru,1529812593,57.14229440464672,143.73558660967387,58.09,74,88,5.41
659,mandalgovi,mn,1529812593,44.0487359287047,108.17021222694848,61.96,68,80,15.03
660,paslek,pl,1529812594,53.90955090160625,19.65276349642292,50.26,100,92,5.41
661,inirida,co,1529812095,2.3602363162158326,-67.44375617048645,71.59,97,56,2.17
662,poltavka,ru,1529812596,54.26882412360783,71.53553830355602,67.09,65,44,4.74
663,bathsheba,bb,1529809200,15.914097477343873,-55.95800355523235,80.6,78,40,25.28
664,coahuayana,mx,1529812382,-0.10508404208684397,-113.33522224859277,64.12,95,76,2.17
665,verkhnyaya sysert,ru,1529809200,56.30459753091441,60.633615827100016,64.4,72,0,11.18
666,storforshei,no,1529812598,66.1466881020705,14.604434145798592,34.24,100,76,1.95
667,salalah,om,1529808600,10.882632784608475,61.81800668149154,80.6,83,75,6.93
668,tigil,ru,1529812599,58.68567688521301,156.1312025211198,69.43,67,0,4.74
669,banda aceh,id,1529812599,5.343003370059606,89.90445870927852,83.02,79,48,2.73
670,bontang,id,1529812599,0.9837924615914773,116.64923154405551,82.39,98,68,2.62
671,arman,ru,1529811000,58.713909698833305,149.20578628553653,77,31,48,11.18
672,primorsk,ru,1529812600,59.93436850488277,28.43520327145663,52.87,81,56,2.95
673,truro,ca,1529808600,45.423778513484365,-63.29257258525102,53.6,71,12,12.75
674,juan diaz,pa,1529812601,8.45980859363415,-80.30803468009337,73.66,100,80,2.73
675,west bay,ky,1529808600,19.100045942956214,-84.1158844907601,50,87,8,1.12
676,coquimbo,cl,1529809200,-28.22499790721983,-86.06117320398644,46.4,93,0,8.05
677,ailigandi,pa,1529812602,10.169516742560631,-77.69358550099312,75.91,97,32,3.29
678,thyboron,dk,1529812603,56.72453867332496,8.103311666811635,56.11,94,12,23.87
679,baturaja,id,1529812603,-4.802606215799727,103.5998462273904,75.82,100,88,4.18
680,ola,ru,1529809200,58.64936139959818,151.1131026983224,78.8,29,0,8.95
681,mathathane,bw,1529812604,-22.117507300235033,29.061160226187013,45.94,78,0,2.84
682,badou,tg,1529812604,7.869061590649693,0.8499367429409119,70.78,100,88,3.96
683,magadan,ru,1529811000,55.38321255681234,151.080896324996,77,31,0,11.18
684,brasilia,br,1529809200,-15.819111500049644,-47.80274877373495,78.8,65,40,14.99
685,barcelos,br,1529811000,-0.3725901136172922,-63.81981126249785,66.2,93,0,3.36
686,ghogha,in,1529812606,21.569768792183694,72.48943769713912,83.02,80,76,9.1
687,diego de almagro,cl,1529812154,-26.08931825970646,-69.39775790254248,50.8,96,64,1.61
688,mantua,cu,1529810400,24.638982574615284,-84.95422514504932,62.6,76,40,4.7
689,northfield,us,1529811360,44.23763056819425,-92.82824090596728,73.4,88,1,6.87
690,nalut,ly,1529812607,29.47272150436841,10.046799119716752,70.51,41,0,4.18
691,kamenka,ru,1529812608,73.0495003991191,44.98557997260673,73.3,41,0,9.66
692,khalkhal,ir,1529812608,37.86847465650564,48.56341720439403,56.92,69,0,1.16
693,longkou,cn,1529812608,37.52587578651702,120.40592095249434,82.12,61,0,9.22
694,isla vista,us,1529811300,31.958636709722512,-120.56103500956411,64.4,77,1,8.05
695,khandela,in,1529812609,27.574869534745773,75.57818736592594,94.09,39,68,5.64
696,bandarbeyla,so,1529812610,6.337204215868184,61.02708949344694,77.08,81,44,31.25
697,yinchuan,cn,1529812610,38.8526794305219,105.8650594399241,80.86,46,0,11.01
698,bayir,jo,1529810400,31.313071234935407,37.48431189339695,66.2,88,0,2.24
